{
    "Modules": {
        "riscv": {
            "start_perf": [
                20.629673957824707,
                0.48947099999999999,
                0.073179999999999995,
                217332,
                227656,
                1713778761.085767,
                293682871202860
            ],
            "child_modules": {},
            "nQuads": 62,
            "Compiled": "Yes",
            "Compiled Times": 26,
            "end_perf": [
                20.632546901702881,
                0.49229000000000001,
                0.073233000000000006,
                217332,
                227656,
                293682876431269,
                21474836481,
                0
            ],
            "nMops": 198,
            "nRouts": 13
        },
        "std": {
            "start_perf": [
                20.604701995849609,
                0.46862900000000002,
                0.069275000000000003,
                215944,
                227656,
                1713778761.0607951,
                293682826282911
            ],
            "child_modules": {},
            "Compiled": "Yes",
            "nQuads": 218,
            "Compiled Times": 26,
            "end_perf": [
                20.613696813583374,
                0.47386800000000001,
                0.072901999999999995,
                215944,
                227656,
                293682842500568,
                8589934594,
                0
            ],
            "svclass": [
                "$vcs_nba_dyn_obj",
                0,
                37,
                2,
                2,
                0,
                "sigprop$$",
                0,
                37,
                2,
                2,
                0,
                "process",
                0,
                184,
                8,
                8,
                0,
                "event",
                0,
                36,
                2,
                2,
                0,
                "mailbox",
                0,
                107,
                9,
                9,
                0,
                "semaphore",
                0,
                71,
                5,
                5,
                0
            ],
            "nMops": 472,
            "nRouts": 33
        },
        "...MASTER...": {
            "start_perf": [
                20.582809925079346,
                0.454206,
                0.068942000000000003,
                214504,
                227656,
                1713778761.038903,
                293682786860283
            ],
            "child_modules": {
                "config_pkg": 1,
                "std": 1,
                "riscv": 1,
                "cordic_unit_tb": 1,
                "cva6_config_pkg": 1,
                "ariane_pkg": 1
            },
            "end_perf": [
                20.604503870010376,
                0.46845500000000001,
                0.069249000000000005,
                215944,
                227656,
                293682825999876,
                0,
                0
            ],
            "nQuads": 0,
            "nMops": 0,
            "nRouts": 5
        },
        "config_pkg": {
            "start_perf": [
                20.613771915435791,
                0.473935,
                0.072913000000000006,
                215944,
                227656,
                1713778761.069865,
                293682842580895
            ],
            "child_modules": {},
            "nQuads": 95,
            "Compiled": "Yes",
            "Compiled Times": 26,
            "end_perf": [
                20.628008842468262,
                0.487813,
                0.073171,
                217132,
                227656,
                293682868258292,
                12884901889,
                0
            ],
            "nMops": 188,
            "nRouts": 19
        },
        "cva6_config_pkg": {
            "start_perf": [
                20.628073930740356,
                0.487871,
                0.073179999999999995,
                217132,
                227656,
                1713778761.084167,
                293682868325626
            ],
            "child_modules": {},
            "nQuads": 24,
            "Compiled": "Yes",
            "Compiled Times": 26,
            "end_perf": [
                20.629621982574463,
                0.48941800000000002,
                0.073179999999999995,
                217332,
                227656,
                293682871141812,
                17179869185,
                0
            ],
            "nMops": 22,
            "nRouts": 9
        },
        "ariane_pkg": {
            "start_perf": [
                20.632614850997925,
                0.49235000000000001,
                0.073242000000000002,
                217332,
                227656,
                1713778761.0887079,
                293682876500105
            ],
            "child_modules": {},
            "nQuads": 50,
            "Compiled": "Yes",
            "Compiled Times": 26,
            "end_perf": [
                20.63465690612793,
                0.49439,
                0.073242000000000002,
                217332,
                227656,
                293682880233082,
                25769803777,
                0
            ],
            "nMops": 83,
            "nRouts": 14
        },
        "cordic_unit_tb": {
            "start_perf": [
                20.634724855422974,
                0.49446099999999998,
                0.073242000000000002,
                217332,
                227656,
                1713778761.0908179,
                293682880296287
            ],
            "child_modules": {},
            "nQuads": 5092,
            "Compiled": "Yes",
            "Compiled Times": 26,
            "end_perf": [
                20.747584819793701,
                0.59921599999999997,
                0.080975000000000005,
                222556,
                227656,
                293683083488635,
                47244640257,
                0
            ],
            "nMops": 20749,
            "nRouts": 603
        }
    },
    "ObjArchives": [
        {
            "archive": "archive.25/_271585_archive_1.a",
            "objects": [
                [
                    "NZFxG_d.o",
                    174184
                ],
                [
                    "amcQwB.o",
                    123778
                ]
            ],
            "size": 297962
        }
    ],
    "CompUnits": {
        "NZFxG_d": {
            "mod": "cordic_unit_tb",
            "out": "NZFxG_d.o",
            "checksum": 0,
            "text": 114585,
            "bytes": 174184,
            "mode": 4,
            "archive": "archive.25/_271585_archive_1.a"
        }
    },
    "reusePaths": {
        "amcQw_d": {
            "icPath": "csrc"
        },
        "reYIK_d": {
            "icPath": "csrc"
        },
        "nUQt0_d": {
            "icPath": "csrc"
        },
        "QJsi0_d": {
            "icPath": "csrc"
        },
        "eEMMZ_d": {
            "icPath": "csrc"
        },
        "FtHG5_d": {
            "icPath": "csrc"
        }
    },
    "stat": {
        "peak_mem_kb": 227656,
        "ru_childs_end": {
            "ru_minflt": 3636,
            "ru_utime_sec": 0.054264,
            "ru_maxrss_kb": 112588,
            "ru_stime_sec": 0.02988,
            "ru_majflt": 0,
            "ru_nvcsw": 18,
            "ru_nivcsw": 14
        },
        "ru_self_end": {
            "ru_minflt": 11338,
            "ru_utime_sec": 0.60226599999999997,
            "ru_maxrss_kb": 123476,
            "ru_stime_sec": 0.084883,
            "ru_majflt": 0,
            "ru_nvcsw": 29,
            "ru_nivcsw": 82
        },
        "cpu_cycles_end": 293683095938897
    }
}